Timestamp,,,,,Station 1 - Select your first choice from the dropdown menu,Write a persuasive paragraph describing why you’d be a good choice for this position.  ,Station 2 - Select your second choice from the dropdown menu,Write a persuasive paragraph describing why you’d be a good choice for this position.  ,Do you have any other information you would like to share regarding your job assignment and selection?
1/23/2018 9:07:19,,,,,Biologist,I enjoy biology and like to work with animals. I think making an animal would be fun.,Tactical (formerly Gunner),I am good at video games and hunting games,
1/23/2018 9:07:46,,,,,Captain,I believe I’m good at keeping things under control and a friendly person. I would make sure everyone is doing there job and help anyone in need. I would promise to put my full effort into fighting the battle along side my peers. I also have been given leader roles in some classes throughout my life and believed I did very well.,Deck Chief,I believe I would be a splendid deck chief due to the experience I’ve had with it. Last time I had this job I did a very well job and our mission was a success. I understood all of what was needed to be done and also operated other jobs at the same time as well do the the great experience I’ve had.,I have had a wide range of practice and I’d like to experience these other jobs as well.
1/23/2018 9:09:53,,,,,Pilot,I am very good at flying things. I can work well with Peres. I am very good at video games. I was a very good pilot.,Navigator,I learn well in stressful situation. I work well with Peres. I understand my surroundings very well.,No
1/23/2018 9:09:59,,,,,Security Guard,I have done it before and I was good at it,Security Chief,I have done it before and I was good at it,
1/23/2018 9:10:09,,,,,Tactical (formerly Gunner),Because iam really good at video games and it would be cool if I was a gunner because I am 134and789 in a game called call of duty and it’s probably the same thing,Pilot,Because this will be my future job when I grow up and I really want to experience what is to kinda be a pilot but in real life the difference is that your not in space ,No I think I am good with a pilot or gunner
1/23/2018 9:10:20,,,,,Pilot,"Pilot would be the best position for me. I beleive this because I have done it before, and I have good attention, and teamwork. The gunner from last year worked really well with me. I have played a lot of games that require flying or being a pilot. In conclusion I feel that pilot would be the best prostitution for me.",Engineer,"I beleive that engineer would be a good position for me. I believe this because I have been engineer before. I can solve the codes easy, and I can make the ammo well.",No
1/23/2018 9:10:22,,,,,Engineer,I would like to be the Engineer because I am very good at repairing things. I would repair the ship if it would get damaged and I would also make sure all of the ship’s system is working properly.,Deck Chief,I would like this position of deck chief because I would be good at monitoring the internal and external sensors of the ship. I would also be good at scanning objects that encounter our ship.,
1/23/2018 9:10:26,,,,,Tactical (formerly Gunner),"I would like to be gunner because I am very good at video games. I also have a sharp eye, and I am good at aiming. I think I can effectively shoot down enemy ships.",Hacker,I have experience being a hacker in previous years. I am good at maintaining security and keeping the ship's computers.,No
1/23/2018 9:10:44,,,,,Biologist,I would be a good biologist.I would be good because I have been learning about it for an year.I learned about the basics ,Doctor,I would be a good doctor.I would be a good doctor since I learned about the human body.I learned about biology which can help with being a doctor.,No
1/23/2018 9:11:09,,,,,Tactical (formerly Gunner),I am good at using weapons.,Captain,I would be a good captain because I am good at leading people.,no
1/23/2018 9:11:09,,,,,Doctor,Because the doctor treats all if the crew and i would like to do that.,Hacker,Because being the hacker is like playing a video game with a mission to it.,No
1/23/2018 9:11:21,,,,,First Officer,I think I would be very well suited for first officer since last time I was in the simulater the Maelstrom I served as the second officer so useing my prior experience I think the best occupation for me in this mission would be first officer,Second Officer,"The reason for me wanting to be the second officer for my backup choose is that is what I was last mission in the simulater, so I would be using my past experience to assist me this mission.",My prior experiences on the missions were Second Officer and Security Chief
1/23/2018 9:11:23,,,,,Engineer,I believe I would be a good engineer because I am good at problem solving and completing puzzles. I am also good at deciding what is important and what is not. ,Security Chief,I would be a good security chief because in past years I was assigned this role and had to do both the security chief and security guard at the same time due to a shortage of people and I was successful at maintaining security within the ship. ,
1/23/2018 9:11:23,,,,,Doctor,"I believe that I would be a good doctor for this mission. I was the doctor last year and I found that we were successful. The doctor must be able to multitask and work quickly, but effectively and I think that I am good at doing that. My family consists of doctors and nurses as well, so I think that it would be easier for me to detect medical issues.",Engineer,"Two years ago, I was the engineer. The engineer must be able to balance many priorities at the same time and be able to work quickly, as they have a lot to complete. I think I would be a good engineer because I can work through problems diligently and thoroughly. ",No
1/23/2018 9:12:00,,,,,Security Chief,"I would be a logical choice for the security chief, because for the past two times that is the job I’ve been chosen for. Not only do I have past experience, but I am devoted to protecting my team at all costs, and would handle my power with great responsibility. Even in my personal life, I am sure to keep my younger siblings safe, and stand up for my peeers and close friends. Therefore, being security would be a well suited job for my skill set.",Videoographer,"I am greatly interested in being the videotographer, because one of my hobbies are filmotography. I am familiar with editing and filming, especially on iMovie which is, I’m guessing, the program I will be editing with. This job would be a lot of fun for me, but also a challenge to improve my editing and camera skills.","I have a wide skill set and can work with what I’m given, but prefer the two jobs I am applying for."
1/23/2018 9:12:11,,,,,Hacker,I would be a good choice for hacker because i was the hacker on the mission last year so i have experience and i am good with computers,Communications,I think I would be a good choice for communications because decrypting messages is something I am interested in and I had this job in 6th grade so I have experience ,
1/23/2018 9:12:45,,,,,Tactical (formerly Gunner),"I'm wouldn't be a good gunner on the succession mission for the Infinitiy knights. I am gamer and I have a good shot,I play quite a bit of video games. And when I took the mission last year I was the engineer, so I know what the tactical needs, and I would know what the engineer does so I can work better with the,m.",Engineer,"Last year when I took this mission I was the engineer,  I was also the engineer in 6th grade when we went in the simulator. ",
1/23/2018 9:12:46,,,,,Navigator,"I’ve chosen navigator for my occupation. I’d be a great navigator because I have a good sense of direction and my surroundings. Last year, I was the pilot and I was pretty good at the job and planning on where to go, but it was hard to steer the ship, that’s why I think navigator is the perfect position for me. ",Engineer,"I’ve chosen engineer for my second job option. I’d be a good engineer because I am great at solving logic puzzles and fixing things. In the past I’ve been the first officer and pilot, and from those experiences I think engineer is the perfect and something new I’d be good at. ",I work well with others and a good leader at times. 
1/23/2018 9:12:50,,,,,Second Officer,I want to be second officer because I am good at carrying orders to a teacher or someone higher. I can listen to people and help them if they need help.,Captain,I am good at being in command I can fallow orders I can make Shure we work as a team and everyone is doing what they are doing,Nope
1/23/2018 9:13:12,,,,,Doctor,I would be a good choice for doctor because I am very good at solving problems and I have always loved the medical field. When I grow up I want to be a doctor or nurse. Both of my parents work in the medical field so I am i very familiar with the rushed environment and then slilled tactics. I would be a  good choice for doctor.,Second Officer,I would be good for second officer because I was the second officer in sixth grace me ya class completed the missions successfully. I am very good at keeping a good watch on things and I am very good at getting people’s attention.,I love the medical field.
1/23/2018 9:53:08,,,,,Communications,"I would be a good choice for communications because I am a really fast typer and if messages need to be sent out, I can quickly send them out. And mostly be able to interpret them quickly. ",Second Officer,"Second officer would be a good job because it seems like an easy job, but wth additional challenges. I think it will be a fun experience as well. ",The only job that was not a fun experience was pilot because I didn’t lnow how to do it. 
1/23/2018 9:57:21,,,,,Deck Chief,i have fast reflexes and good communication skills ,Navigator,i have a good sense of direction and have done this before,
1/23/2018 9:58:08,,,,,Captain,I believe that I am a good leader and I am good at ordering people around. Plus I have had experience at this position. ,Pilot,I believe I would be good at this job due to have doing these missions for a long time and I think I have learned a lot of how to pilot. ,
1/23/2018 10:00:16,,,,,Pilot,I want to be the pilot because I’ve always wanted to fly and I am really good at flying in some other simulators that I have been on.,Captain,I have always felt that I am a good leader and a good motivator to lead a team to success.,No I have nothing else left to say 
1/23/2018 10:00:32,,,,,Doctor,I think that i would be good for this position because I have been the doctor every time I have been in the simulator. I also feel as if i would fit this position well because I have all the medications that i can give people mostly memorized.,Security Guard,"I would really prefer to be the docter but this also seems like a fun job. I once was told in 6th grade that my station was down and i was reassigned to the security guard and it was pretty good.
",No but thank you though!!!
1/23/2018 10:00:34,,,,,Security Guard,I think i would be good at security guard because last year i was security guard and i have experience and i would know what to do. I can also help the other security guard if they need help.,Engineer,I think i would be a good engineer because i also have experience in this too. I could do my job fast and efficient to help us succeed in our mission.,
1/23/2018 10:01:04,,,,,Communications,"I am the best candidate for the communications position. I often work in real life with others to help communicate emotions or things that need to happen. I would work hard to make sure I decrypted the messages as fast as possible, and I would keep updated with every message as fast I can. ",Doctor,I would also be a good candidate for doctor. I can pay attention to people’s needs and I’m good with assessing what is needed in a situation. I would work hard to make sure everyone’s needs are met. ,
1/23/2018 10:01:05,,,,,Engineer,i am very focused and would do an exceptional job as the engineer ,Hacker,i have an outside connection to computers so i might be good at being the hacker ,i dont think 
1/23/2018 10:02:08,,,,,Communications,"I am good at writing and reading letters, I can quickly  read and write and am good at giving quick thought out paragraphs.",First Officer," I am good at giving advice quickly and effectively, I can help the captain make decisions for the safety and the wellness of the team. ",
1/23/2018 10:03:16,,,,,Biologist,I would be good as the biologist because I like animals and have experience with them. I also have experience being the biologist last year. I know many different things about animals that could help me in this role.,Engineer,I have prior experience engineering. I also have experience with robots and computers. I have in the past fixed things in many different ways.,
1/23/2018 10:04:05,,,,,Physicist,I think I would be a good choice for this position because as i was watching the video I understood the the position. All of the other ones were more difficult for me to understand and I didn’t get it. I feel like I would do a good job if I got this part I would make sure that everything is took care of and I don’t think i would be behind on schedule. I think I would do everything that needs to be done for the team.,Hacker,I think this would be a good job for me because I had this position last year and I did what needed to be done I made sure that I was on time with everything thing. I made sure that whatever that needed to be done was done.,No 
1/23/2018 10:04:21,,,,,First Officer,"I would love to be first officer because for the mission that we have to do i am very good at helping people and the captian. We have to find the missing girl, so in case the captian dies I will be there to step in. I would love this job and I hope to get it.",Second Officer,I would be good at second officer because it also has to deal with helping the people. I can interact with with the first officer and the captian. In case anything goes wrong I will be there to help.  ,I have been applying for this job for several years so I hope to get one of them.
1/23/2018 10:04:31,,,,,Engineer,"The position I pick it's really easy 
",Security Guard,It's easy ,No
1/23/2018 10:04:44,,,,,Engineer,I would be good for the engineer position because i am good at solving codes and quickly updating the things we need to win such as the secret codes in the mission.,Communications, I would be good at the communications position because i am good at solving certain riddles or problems such as the secret messages in the mission.,
1/23/2018 10:04:47,,,,,Doctor,I would like to be the doctor because of prior knowledge. I have been the doctor before and have been very successful at it. I like to help people out and make sure everyone is healthy at all times. I can deal with pressure in doing the emergency medical operations. I would not have to bother the first officer or captain at any time. I also like being the doctor because I would like to work in th medical field when I grow up.,First Officer,I would like to be the first officer in the mission because I like to help out other people. I also have prior knowledge in the first officer position. I fulfilled my duty very successfully when I was the first officer.,"I would gladly to any job, but being the doctor would be a great way to end off my eighth grade year."
1/23/2018 10:04:49,,,,,Captain,I am trying out for the captain position. I believe I will be good in this position for many reasons. In the contaminant mission I was the captain and the mission was very successful. I have very good people skills such as being friendly and having a very good personality. I feel I will be able to work with my crew very well and exacute the “succession mission” very successfully. ,Pilot,For my secoud position I am trying out for pilot. In my sixth grade year I completed the Pandemic position as the pitot and the mission was successful. I have good people skills to talk to the captain and navigator in a very successful way to complete the mission well. With me having prior skills in this position I will be well suited with my crew. ,
1/23/2018 10:04:49,,,,,Second Officer,I’ll over look all the stations and make sure they are on the right track.,Security Guard,I’m good at overlooking and will talk to everyone about alerts and more,
1/23/2018 10:04:56,,,,,Tactical (formerly Gunner),I wanna be a gunner because I plan to be in the army like my uncle and I wanna learn how to fly and shoot on a jet,Hacker,Cause I wanna make sure the enemies don't win ,Gunner
1/23/2018 10:09:53,,,,,Tactical (formerly Gunner),I am good at shooting.,Tactical (formerly Gunner),I am good at shooting.,
1/23/2018 10:49:42,,,,,Hacker,I am very good with information and. In 6th grade i didn't get a job so i watched the hacker and it looked so cool and i think i would be good as the hacker,Biologist,I would like to defend the ship from incoming dangers by using the beast i would make,
1/23/2018 10:51:30,,,,,Engineer,I want to be engineer and I think I m good at it than others.,Hacker,I like hacking ,Nope
1/23/2018 10:52:06,,,,,Hacker,It seems like a job I would do watching the video. It looks like a game and I like navigating and can spot secrets easy. It would be a cool job to also manage computer data as I will always be attentive.,Physicist,I would also like to be the physicist as I could control the specs and control the beams I fire. It is a cool job to do and I would be able to be attentive the whole time doing it.,I am good at many games (like the hacker) and I can manage data well and stay attentive.
1/23/2018 10:52:23,,,,,Biologist,Because I have work on this position before to !,Doctor,Because I like helping sick people and I have work on this position before to !,No
1/23/2018 10:53:25,,,,,Doctor,i would be good at being the doctor because i can keep track of each persons vital signs and move at a quick pace. i can also work well with other people to get things moving or done. i am also very good at staying focused.,Engineer,i would be a good engineer because i am good at doing different things at once. i can follow things to finish a job. i can also move at a quick pace and stay focused.,i can work well with others 
1/23/2018 10:53:31,,,,,Engineer,Because I good at fixing things,Biologist,Because  ,Because I like making things
1/23/2018 10:54:03,,,,,Engineer,"I believe I would serve a good position as an engineer because I am responsible and can focus on more than one thing at a time. I also have experience in helping others such as my family and strangers. I am good at using any resources given to me and I can complete multiple tasks given to me responsibly. Therefore, I believe I would be a great engineer for my mission.",Security Guard,"I would be a good security guard because I can maintain order and be responsible. I have experience protecting my family and have helped them with any needs, just as a security guard would do. I have watched my siblings and have maintained order between them. I would be responsible at defending the ship and protecting my peers. Therefore, I would be a responsible and a protective security guard.",
1/23/2018 10:54:08,,,,,Second Officer,"I would be good at this position because I would be a leader if the captain and first officer died. I am very attentive, so I would not let anything overheat. ",Videoographer,"I am very good at taking pictures. I have good eyes, so I will be able to see in the dark to take videos and photographs. I can keep the camera level, so it will not be shaky. I have no experience with the simulator, so I would not want to mess the misson up. ",I have no experience with the simulator. 
1/23/2018 10:54:31,,,,,Tactical (formerly Gunner),I have a lot of experience with the Tactical (Gunner) position. I have been in this position for the last two years. I have sucsessfully completed both missions as gunner. I have good accuracy and I use my ammunition resourcefully. ,Engineer,I have worked closely with the engineer before and I feel that I could effectively do their job. I am good at prioritizing what would need to be done,
1/23/2018 10:54:59,,,,,Engineer,The engineer is right for me because I can do whatever is needed to help us complete the mission. I am able to make sure there is enough amunition and keep everything on the ship in check. I have done this job before and did a good job. ,Security Guard,I have done this job before and have had prior knowledge to this position. ,I work well with a second of any job position
1/23/2018 10:54:59,,,,,Engineer,"I believe that I would be a very good selection as engineer, as I am very good at multitasking and I will be able to keep all the systems intact at once. ",Doctor,I believe I would be a good choice as doctor because I have prior knowledge and experience with this job. I performed very well when I did this in 6th grade. I have an understanding of sicknesses and good health.,Nope 
1/23/2018 10:55:01,,,,,Doctor,Becau I like to be a doctor ,Hacker,Because I did hacker,No
1/23/2018 10:55:03,,,,,Tactical (formerly Gunner),"I have good reflexes, good sight. Can know what is good and bad. (teammates) I can use things around me to help, if my gun isn’t loaded I will try to help others with other things.",Doctor,"Will know what to cure, like the most important jobs, Tactical, Captain, first officer,  hacker, pilot, engineer. If somebody needs help, I will try my hardest to help.",
1/23/2018 10:55:33,,,,,Engineer,I'd be a good engineer because I have experience with the job and can help a person who doesn't know what to do,Hacker,I'd be a good choice because I know what to do for hacking ,
1/23/2018 10:55:52,,,,,Second Officer,I think that I would be good to do second officer because I am good at organizing thing and keeping things organized. So therefore I would be able to to do the ships records and the coolant system. ,First Officer,"I think I would be good at first officer because I am really good at working with people, and delivering messages. So therefore when someone needs to get in touch with the captain I would be able to to deliver the message and I will be able to keep everyone calm.",No
1/23/2018 10:55:54,,,,,Security Guard,"I was the security guard last year and I did really good, and I thought it was not too confusing. It is also a fun position.",Pilot,"I was the pilot in 6th grade and I didn't crash once, also I thought it was fun.",I'm good at those jobs
1/23/2018 10:56:05,,,,,Doctor,I helped people last year who were the doctor and I worked well with it. ,Physicist,I also helped the physicist last year and really enjoyed it. ,Please don’t put me as any captain I was captain last year and first officer in 6th  grade. 
1/23/2018 10:56:21,,,,,First Officer,I believe that I would be a great first officer because I am responsible and will be able to help carry out the captians needs. I and good at working with other ans multitasking. ,Communications,I believe that i would be good at being a communicator because it would be interesting to encrypt messages and report back to the captain. It would also be interesting to send messages from the captain back to dreamflight adventures.,I have a strong personality and I would be a good first officer because I am good at assisting others and taking lead when needed.
1/23/2018 10:56:41,,,,,Videoographer,I would like to be the videoagrapher because it seems like something fun to do for this. I like to take pictures and videos as well. I would take pictures of everyone doing their jobs and video the mission succession too.,Biologist,"I picked biologist as a second option because I was the biologist in 6th grade. I thought that job was fun and interesting to learn about. Being a biologist was a very cool job, especially for the mission that we did.",The chimera was what I was working with for the biologist job in 6th grade.
1/23/2018 10:56:46,,,,,Security Chief,"My friends in the past did security chief and told me about it. It’s something new from communications, that I wanted to try out. I think I would be reliable to keep the ship safe and under control. ",Communications,"I did communications for 2 years in a row. I really enjoy doing it, and i understand how everything works. I know how to decrypt messages, and I am well at it.",
1/23/2018 10:56:50,,,,,Security Guard,I would be a good choice for the position of being a security guard because I got the best understanding for this position. I was one in 6th or 7th grade so I have prior experiences as well. I already know my duty for this job and I am responsible enough to handle it.,Engineer,I would be a good choice for this position because I can work at a fast pace and can stay focused on my duties as an engineer.,
1/23/2018 10:57:02,,,,,Security Guard,"I was an officer in sixth grade and ended up doing the security chiefs job because we didn’t have one. As well as in seventh grade I worked the security chief and both guards and strategically place equipment, and do all other jobs well.",Doctor,The doctor was good for consistently checking health of different people at every point and time. Also they check the bacteria levels and help destroy bacteria to make an easy travel. I would be good for this job because I think i’m well focused and a quick thinker and will be able to get the job done easily.,No
1/23/2018 10:57:03,,,,,First Officer,"Because I like doing the simulator and I take it very seriously and I think I eould be a great leader for my team.
",Engineer,Because I have been it before and I know how to do the job,No
1/23/2018 10:57:15,,,,,Security Guard,Ive never done security guard before and its something new that i wanted to try out. I think i would be really good at maintaining order and defending the ship.  ,Doctor,I was a doctor before and i really liked it. I also know how everything works. I do well with working fast to try and make sure the crew is well. ,
1/23/2018 10:59:34,,,,,Biologist,"I think I should be the biologist because I’m experienced. I did it before in 6th grade, and we completed the mission well.
I know what characteristics to add to the chrimara to benefit the group. ",Doctor,I would be a good doctor because I like taking care of people and helping people. My mom is a physical therapist and she taught me a little about diseses.,
1/23/2018 11:06:14,,,,,Captain,I am a strong leader in class and I believe I can lead us to victory ,Pilot,I’m pretty good at flying I guess. I do pretty good in video games,Uhh I was a captain before
1/23/2018 11:21:03,,,,,Biologist,I like biology and I think I will do great as the biologist in this ship and I will pay attention to every detail and work that comes with this position.,Doctor,Because I think I will be take care of everyone’s health and see that they don’t die. This positron will have my outmost attention.,
1/23/2018 11:40:40,,,,,Videoographer,I would like to be the videographer because it seems interesting.,Doctor,"i would like to be the docter because my friend was the docter last year, and she said it was very fun.",
1/23/2018 11:41:37,,,,,Security Guard,I would be good for this position because I can pick the finger prints quickly. I could keep the ship safe and do my job to my best abilities and try my best to benefit to the mission.,Doctor,I will be good at scanning the people on the crew and make sure they all will get well and make sure nothing spreads.,No
1/23/2018 11:42:26,,,,,Physicist,I’d be good for this position because I have a lot of responsibility. I’ve never been the physicist before but I feel as if it would be a good position to have.,First Officer,I might be okay for this position because it takes a lot of control and focus.,No
1/23/2018 11:42:37,,,,,Engineer,I like fixing things and I think I am pretty good at it ,Tactical (formerly Gunner),I think this kind of stuff is interesting so I study it sometimes ,No
1/23/2018 11:42:40,,,,,Doctor,I believe I’m very well at solving problems and communication with the crew so I could solve health problems and problems with the ship,Biologist,I am use certain skills to figure out any problem thrown at me and adapt to the condition ,
1/23/2018 11:43:01,,,,,First Officer,I can carry out messages from the captain in very short time and will be there if anything happens to the captain.,Communications,I can get any messages to the team as fast as I can to ensure safety or if we are getting help and won’t get off track,No
1/23/2018 11:43:14,,,,,Doctor,I think the doctor position would be a good choice for myself. I am interested in the medical field and the part sounds fun and something I would like to do. ,Biologist,The biologist seems like an interesting job that I would like to do. I would be a good choice for the job as I have seen the Chimera working in action and I can communicate with the crew to make a specific creature for our mission.,No.
1/23/2018 11:43:30,,,,,Pilot,I done piloting in my Xbox and with a simulation for piloting in dc.,Navigator,I have done it be for in the pandemic mission.,
1/23/2018 11:44:31,,,,,Doctor,"I would be a good choice for this position because I can pay very close attention to the members of the mission. I work well with identifying bad bacteria, maintaining crew morale, emergency procedures, and when I’m older I want to be a doctor!",Communications,"As communications I can pay close attention, decrypt messages, forward messages, and wrote messages to the chief.",No
1/23/2018 11:45:12,,,,,Hacker,Hacking is a hobby to me and I think hacking is easy,Tactical (formerly Gunner),I can aim really well play a lot of video games that reqire guns,No
1/23/2018 11:45:20,,,,,Engineer,For being an engineer I can work very well with what the ship needs. I can pay attention and follow the ships necessities because if it’s in bad shape i will fix it. I will make sure that the ammo is the right ammo to destroy other ships and enemies.,Tactical (formerly Gunner),I want to do whatever the ship needs to destroy other enemies. I will make sure that the ship is in good hands in it will not get destroyed,no
1/23/2018 11:45:24,,,,,Second Officer,I would be a good option for this job because I can control the ship well if both the captain and the first officer go down. Also I can control the cooling as I can talk to others. ,Security Chief,I am good for this job because I am responsible and can control the security guards while performing the job that the chief has. ,No
1/23/2018 11:45:28,,,,,Tactical (formerly Gunner),I would be good for this position because I love to shoot as well. In my freetime I will shoot. I shoot bows and guns. I also enjoy games that you shoot in such as call of duty.,Biologist,"I would be good for this position because I really liked the gene lessons in science class. Also, I like animals. I have pets that I do a good job of taking care of them.",
1/23/2018 11:45:38,,,,,Hacker,I would like to be hacker because I’m good at getting into other people’s data bases. Also I am very strategical which is one of the most important responsibilities to be a hacker. This is why I believe I should be chosen as the hacker of the IKS Highlander. ,Doctor,I would be a great choice for doctor because I am very responsible and can preform my duty for the team. I am able to preform medical emergencies to keep my team safe in the battle. This is why I believe I should be chosen as doctor. ,I would not like to be pilot because I don’t like having the responsibility of flying 
1/23/2018 11:45:53,,,,,Engineer,I would like to be an engineer because I like working with technical things and bringing them together. I also like to have things ready for other people to use and have it neat. ,Navigator,I would like to be the navigator because I like to tell people where to go regarding flying a ship and or a control car etc. ,My dad was in the army for 10 years and he taught me almost everything he learned while he was in the army. 
1/23/2018 11:45:54,,,,,Hacker,"I wanna be the Hacker because, the Hacker is the way to get into their computer base and more. It’s a fun and cool way to help my team out to take their data base to see if what weapons we need to use on them and more. ",Doctor,"I wanna be the Doctor because, the Doctor is the most responsible person for the well-being of the crew. To perform emergency operations on my crew mates. It’s really important to keep people/crew healthy with my medical operations. ",I would not be the Pilot and the Captain please. 
1/23/2018 11:46:15,,,,,Captain,"I was the captain of the Maelstrom mission last year. I made sure everyone in the mission was working their hardest to accomplish the mission and made sure we all worked together. The mission was a success and I play 3 team-oriented sports such as soccer, baseball, and basketball, which is why I believe I'll be a great captain.",Pilot,"We need to battle the Orion Pirates, find the Oracle of Delphi and get back to Megara safely. I think we can do it if I'm the pilot. Having a solid pilot would also help a lot of the other jobs such as the gunner and the make it easier on the captain.",I was Captain of the Maelstrom Mission last year.
1/23/2018 11:46:19,,,,,Security Chief,Erika,Security Guard,"
I Would be a good choice for the security chief because I was good at it last year. Also I am very familiar with the job so I wouldn’t mess up. Finally, I am very quick to notice a problem occurring and I would solve it quickly.",No 
1/23/2018 11:46:58,,,,,Doctor,It's a cool experience and I have always wanted it my sister was a doctor a couple years ago I think I would also make a great doctor for this crew,Security Chief,"I want to be security chief because it sounds fun and it offers a challenge and I'm ""in charge of a small group"" witch I can do just not a large group. ",I saw my friend do it last year and it seemed fun 
1/23/2018 11:47:36,,,,,Doctor,"I wanted a bigger role this time because last time I was a biologist and I didn't do much, and it looks cool Being doctor and helping the whole crew.",Hacker,I also liked this one because it was important and it also looks very fun to be a hacker and go through the enemy's computer and manage our own ship's computers.,Nope 
1/23/2018 12:32:28,,,,,Doctor,I believe that i would be a good choice for this position because i enjoy helping others and i think that it is a crucial part in a mission that everyone is at their best ability. I can relate to this part because i am very caring and i want to make sure everyone is safe.,Deck Chief,I also believe that i would be a good choice for this position because i am good at alerting people if something is wrong and I am good at fixing errors when a problem occurs . ,
1/23/2018 12:33:38,,,,,Doctor,I chose the doctor because I have always been great with health of others and I have been a doctor on all missions so far I have been in here.,Biologist,I am good with creating new things and I am good with genetics.  I am also very good with choosing the right genetics to create the creature.,No
1/23/2018 12:33:47,,,,,Pilot,My cousin were in the air force and I think that I can work worth other people well ,Security Guard,I think I can defend the people of the ship and won’t fail ,
1/23/2018 12:34:05,,,,,Doctor,I believe that I would be great for this position bc I know a lot about being a doctor considering my mother is one and also I am very good at multitasking and I have really good hand-eye coordination. ,First Officer,I believe that I would be good for this position bc I am very good at making sure everything is in order and that if I’m asked to do something then I can relay the message directly to the person who needs to hear it so that they can do it.  ,No
1/23/2018 12:34:29,,,,,Navigator,john,Engineer,I chose navigator because last year in science I was navigator and my group successfully completed the mission assigned.,no
1/23/2018 12:34:52,,,,,Hacker,I think I should be picked as hacker because I was hacker the last 2 times I've been to the simulator. I have experience in the hacker job and I think I would do an excellent job with the rest of our group.,Tactical (formerly Gunner),I think I as my second choice I should be Tactical/ Gunner because I previously helped the gunner do his job in passed missions and I think I could do a great job as tactical. I understand what weapons to use at certain times and how to use them strategically.,No.
1/23/2018 12:35:02,,,,,Doctor,I would like to be the doctor because I want to cure the cruelest if they get sick ,Hacker,My second would be the hacker because I would like to collect the secret files from the enemy and keep the computer capacity,if done of those I could be the communications officer
1/23/2018 12:35:12,,,,,Doctor,"I would really like to have this job. i have been the doctor all 2 years of middle school, and i did pretty well at it. I like helping people and keeping eveyone safe.",Communications,I was the communications last year also. I had two jobs in one mission and i still complete both jobs well.,Last year i had two jobs.Doctor and Communications. I competed both jobs well. So if there is a extra job that needs to be occupied i would be able to do two jobs. 
1/23/2018 12:35:33,,,,,Hacker,I am good with computers and I know how to build them and fix them.,Engineer,I want to be an engineer because I am a fast thinker on making thing that can help.,No.
1/23/2018 12:36:03,,,,,Security Guard,I think I would be good at a security guard because I'm fast thinker ,Tactical (formerly Gunner),I think I would be a good gunner because I have been a gunner before and I was good at it ,No
1/23/2018 12:36:03,,,,,Security Chief,I would be good since I’m a fast thinker and would be good protecting the ship.,Tactical (formerly Gunner),I can aim good since I was this previously in other missions and can think fast on what to shoot at them,No
1/23/2018 12:36:11,,,,,Engineer,I was engineer last mission and I feel I am experienced with this job and know what to do at that station. I understand how to operate the station and use the tools. This job was not too complicated for me and I feel I fit this job best. I really enjoyed being the engineer last year and hope to do the same this year. ,Videoographer,I can take many photos of the crew at work. I will make sure there are good pictures and videos to send the dream flight. ,No.
1/23/2018 12:36:56,,,,,Engineer,"I would like to be engineer because i have expireince from doing it last year and i was good at it , also i like to do everything that the engineer does such as makeing sure everything functions properly.",Captain,My second choice would be captain. I would like to be captain because i have good leader ship qualities and can handle and group good.,No
1/23/2018 12:37:07,,,,,Doctor,"I would be a good choice for this position because I think I am good at taking care of people. I believe I can do things very quickly, so that I could treat the crew member fast. If the patient was in need of a quick operation I think I would be able to quickly jump into an operation, and complete it for them to get back.",Second Officer,"I think I would be a good choice because I think I can be a good leader, and I think I am organized enough to be able to control the records, and coolant systems.",
1/23/2018 12:37:09,,,,,Second Officer,I am a good leader and can help the captain lead. I am a good leader on my sport teams and will help everyone be there station and job done.,Tactical (formerly Gunner),I have good aim and I think being the gunner will be fun. I have not been a gunner yet and I heard it was really fun. I believe that there will be a lot of stuff for the tactical to do. I am very good at fortinite.,I would be very happy with these jobs because I have not done those yet.
1/23/2018 12:37:16,,,,,Communications,Because they communicate with each other by code words or numbers so that the enemies don’t know what they mean,Hacker,Because the hacker can hack and get some helpful information from enemies place,Nope 
1/23/2018 12:37:51,,,,,Doctor,I think I would be a good choice for the doctor because I payed attention.,Security Guard,I would be a good choice for this job because I understand what is needed to complete the mission.,No.
1/23/2018 12:37:57,,,,,Engineer,I want to be an engineer because I feel like I am a responsible person with homework or schoolwork and maybe this too.,Doctor,I feel I could be a good doctor because I payed attention and u derstand the information needed for this job.,No
1/23/2018 12:38:05,,,,,Doctor,"This is my first choice because I feel that I would be able to be responsible for the whole crew and make sure that they are healthy. Also, I could work fast so that nothing happens to anyone if there is a medical emergency or something happens to them. Lastly, I feel that I could care for the crew very well.",Engineer,"I chose engineer as my second choice because I feel that I would be able to work fast and repair all of the damaged systems during the mission.Along with creating different things for the mission too. Also, I feel that I am good for this job because I am very responsible and would make sure that the job would get done right and be completed.",No
1/23/2018 12:38:16,,,,,Engineer,"I really enjoy saying the words in my head,"" well, if this is the problem, how can I solve it?""  When I grow up, I want to be a civil engineer and be a problem solver. I would really like this job because it could possibly help me in the future. ",Engineer,I really only want to be the engineer. You can pick another job if I can't have it. ,I have wanted to be an engineer sense I was in 5 grade when we started building with connects
1/23/2018 12:38:20,,,,,Engineer,I have been an engineer before and I’ve done a good job. I feel like the position is fun and I would be able to do it correctly.,Navigator,I have been the navigator before and I’ve done a good job showing the pilot where to go.it would be easy to work on.,No
1/23/2018 12:38:36,,,,,Tactical (formerly Gunner),I like playing fortnite and in fortnite you shoot with a tactical shotgun. You shoot guns like a gunner and I enjoy using fake weapons. ,Engineer,I like playing fortnite and in fortnite you build like and engineer. You can build massive forts or small ones. You can also repair structures that were damaged. ,I like fortnite. There are jobs in the infinity knights like fortnite playing. 
1/23/2018 12:38:53,,,,,Pilot,I would be a good choice for this position because I have been involved in an activity called Sea Perch were you control an ROV under water and make it do tasks. We also got 2nd place and was very close to going to nationals.,Tactical (formerly Gunner),I am very good at video games that involve using guns and aiming in them.,In Sea Perch this year and I am hoping to go to nationals.
1/23/2018 12:39:55,,,,,Engineer,I would be a good choice because I am experienced with the engineer and engineer was the only job I had for every mission and I'm also not interested in other jobs,Engineer,I chose engineer twice because I would not like to do any other job,No
1/23/2018 12:40:50,,,,,Engineer,I would be good for this position because I enjoy fixing things. My dad is carpenter and teaches me how to fix things. I bulit myself a fort in the backyard and a rail for snowboarding .,Tactical (formerly Gunner),I think gunner would be good for me because I have very good aim. I shoot targets with my nerf gun collection.  ,
1/23/2018 12:41:09,,,,,Engineer,I would like to take this position because I liked to fix things. My family and I would always like to have to figure out how to fix things and take a lot of time to fix things like this week the egnighter broke for the stove and I fixed.,Tactical (formerly Gunner),I have good aim,
1/23/2018 12:47:55,,,,,Engineer,I would be a good choice for the engineering position because I am a very productive worker. From past experiences I know the engineering position is a very time consuming and a fast raced job. I feel I would work efficiently and fast to help make this mission a success ,Biologist,I feel I would be a good fit for the biologist position because I believe I have a good image for how the chimera should help and protect the ship and overall help with the mission being a successful ,I feel I would work hard and efficiently to help make this mission a success 
1/23/2018 14:17:44,,,,,Doctor,I’m good at multi tasking when it comes to things that are vital for success. I’m also good at making quick and just decsions in the event of an emergency. ,Communications,I’d be a good choice for this position because my prorities are always best for the siuation. I also believe that my contribution to the team could make a real difference. ,
1/23/2018 14:51:46,,,,,Captain,I believe I should be captain because I have done missions every year and each time I have been Captain. I am a very good leader and communicate really well,First Officer,I believe I should be First Officer because I am a good leader and communicate well with my peers. ,I am a very good leader. 
1/23/2018 14:53:09,,,,,Engineer,I would be good for this because i like to make and build things.,Security Guard,I would be good for this job because I can go through and make sure the security on the ship is good.,
1/23/2018 14:54:21,,,,,Doctor,i was doctor last year and it was really easy. i want a easy job so i don’t mess anything up,Security Guard,i want a easy job so i don’t mess anything up. and it seems fun. i wanna see what it is like,no
1/23/2018 14:54:47,,,,,Security Guard,I'm really good at being the security,Security Chief,I'm really good a being an security guard,No
1/23/2018 14:54:49,,,,,Communications,I think I should get communications because I’m good at communication with the people from the other ship.,Security Guard,I am good a keeping the ship safe so I should be security guard.,No
1/23/2018 14:55:00,,,,,Tactical (formerly Gunner),I wanna be a gunner bc my grandpa was in the Vietnam war and died and I wanna experience use what he did ,First Officer,Seems fun,No
1/23/2018 14:55:03,,,,,Captain,Because I’m loud. And everyone everyone knows me well and I am very cooperative ,Pilot,I play a lot of flying games and vr ,No
1/23/2018 14:55:17,,,,,Communications,"I would like to be the communication officer. The reason why is that I had experience with this job last year. Also, it could help me talk more with others.",Doctor,I would like to be a doctor. The reason why is because I like dealing with health. I also thought it was cool that you can check the crews health and make sure they are okay.,Nope
1/23/2018 14:56:00,,,,,Videoographer,I would be a good choice for this position because I love taking pictures and videos. I would try my best to get very good video clips/ pictures for the movie.,Physicist,I would be a good doctor because I have experience from the past. ,No
1/23/2018 14:56:11,,,,,Tactical (formerly Gunner),I can talk with the pilot and we can be ok,Videoographer,I have a steady hand and able to take good pictures,I dont got any
1/23/2018 14:56:23,,,,,Doctor,The doctor looked cool and something I would be interested in. I wanna be a doctor when I am older so.,Pilot,I was the pilot once before and I enjoyed it alot. I would love to try it with another mission.,No not really
1/23/2018 14:56:42,,,,,Data Collections Officer,I’m good at doing research.,Videoographer,I’m good at taking videos.,I would rather be data collections officer.
1/23/2018 14:56:51,,,,,Hacker,I like to use computers and hacking people.,Engineer,I am good at creating ammunition and like to make sure things to planned.,
1/23/2018 14:56:53,,,,,First Officer,I would fit this job good Becouse I'm good at making quick decisions and very commutative.,Data Collections Officer,I am very good at sharing info and finding to good points fast.,No thanks but I like commutations
1/23/2018 14:57:21,,,,,Pilot,"I am the best at what I do I take everything so seriously it is not even fun I never got less than a b on a test my life modo is Ben Tepsic NO EXCUSES 
sincerely Ben Tepsic",Pilot,Trusted me you will pick me,Ben Tepsic NO EXCUSES 
1/23/2018 14:57:24,,,,,Hacker,"I want to be the hacker because ever since I came to mission ops, I wanted this job. I want to be a hacker because I want to hack into the enemy’s computer. I am also good at hacking. ",Doctor,I want to be a doctor because I’m good at taking care of people. I want to be a doctor because I am good and fast at performing medical operations. ,
1/23/2018 14:57:43,,,,,Videoographer,I think I would be a good Videoographer because I enjoy taking pictures of different things and I can get good photos and short videos to use in the small movie.,Engineer,"I think I would be a good engineer because I am a fast worker and I heard that the engineer job is very fast paced, which would be fun for me and I would be good at it.",I am a quick and efficient worker.
1/23/2018 14:57:53,,,,,Doctor,I will be good at the position doctor because I like helping people. ,Videoographer,I’ll be good at position videographer because I like taking picture and video of stuff. ,No
1/23/2018 14:58:02,,,,,Captain,"I think I should be Captain because both of my past 2 stations as an Infinity Knight I have had to coordinate with the Captain and officers. I was Deck Chief at first, telling the Captain where and what some areas and enemies were. My second station was one of the engineers. Although it was short lived (Station stopped working 10 minutes in, could not log back in), I realized that the Captain had to be informed of what is wrong or needed. I think that I can lead this mission well, go to the appropriate stations at times, using past knowledge.",Engineer,"I think I should have a second shot at trying engineer because I love dealing with technology and looking at things and figuring out a fix, whether it be from as small as unplugging it or as big as taking it apart and troubleshooting more. (I had this last mission, but my station stopped working.","I love fixing and dealing with things, what ever it might be. I also love to work with the people around me to get the job done better and faster."
1/23/2018 14:59:17,,,,,Second Officer,"I should be 2nd officer because I am a good replacement if the 1or 2nd officer are disabled. I also am neat and clean and I can keep care of the ship's records, coolant system. Therefore that's why I should make a good second officer.",Pilot,I would make a good pilot because I am good at got in video games. Also because I can work well with others. I am also good at steering.,Im very good at both of these because i can work with other and i am a good leader. 
1/23/2018 14:59:45,,,,,Biologist,I am qualified because I can make sure the Chimera is perfect for the mission.,First Officer,I'm good at making sure orders are being followed,I LOVE animals.
1/23/2018 14:59:47,,,,,Biologist,I want to be the biologist because I think it would be really cool and fun to control the Chimera.,Doctor,I feel like I would be a good doctor. I love helping people and believe that it would be a fun job. ,
1/23/2018 15:00:08,,,,,Doctor,I have done this job in the past and I really enjoyed it. Being the Doctor in the past taught me things and allowed me to understand people’s health.  I also have a lot of medical and doctor education throughout my family that could help me with this position. ,Tactical (formerly Gunner),I feel this position would be interesting. It have never done it but I have shot a gun in training before. ,I am a good person to watch people’s health and keep an eye out for everyone on the ship.
1/23/2018 15:00:21,,,,,Engineer,I am good at managing things very well. This means I can manage all of the ammo and make sure the weapons can function,Biologist,I am interested in dna and genetics.,
1/23/2018 15:02:11,,,,,Tactical (formerly Gunner),I have been shooting since elementary school. Therefore I have good aim and I am focused. I am also competitive and consider others and their opinions when plotting a plan.,Pilot,"As I listed before, I have been shooting for a long time- steering the ship involves the same skills as shooting. You have to steer and it takes adequate directional skill.",I support team work.
1/23/2018 15:07:39,,,,,Hacker, I’ve had previous experience using computers. I also know how to allocate computer capacity to where it is needed.,Data Collections Officer,I’m used to taking notes and collecting data so a job like this would be good for me,
1/23/2018 15:19:57,,,,,Doctor,I would like to be doctor because I can pick up on things quickly and I think it’s a very fun but challenging job that I would enjoy. ,Security Guard,"I was security guard last year and I enjoyed it a lot and it is very fun. I also really like the jobs you have to do
As a security guard. ",No. 
1/23/2018 15:29:42,,,,,First Officer,i will make should that all commands will be not forgetting. I will take the responsibility of the caption if he or she dies.,Security Guard,i will make should that the no bad character aboard the ship.,
1/23/2018 15:36:27,,,,,Hacker,I’d like to chose this position because I feel like I could strategically plan out a way to complete my tasks. I would listen to my teammates and work together as a team. I am also good at learning things quick so any task will get completed. ,Pilot,Pilot would also be a great position for me to fill because I would work together with everyone and listen to what they have to say. I would obide every order and complete the tasks at hand. I would take everyone’s option and put it together very quickly to develop a plan to conduct the ship. I also had a great deal of experience in video games that involves a pilot or hacking. ,Nope. 
1/23/2018 16:01:38,,,,,Security Guard,I will make sure the ship is safe.,Security Chief,I will make sure the security guards are in order. ,NO
1/23/2018 16:55:22,,,,,Navigator,I think i would be a choice as the navigator because i’m good at giving directions. I can work with the pilot well and help him/her out. I think being the navigator is a good choice for me because I’ll pay attention to always know where we are and where we are heading.,Physicist,I think i would be a good choice for this position because i have experience with being the physicist before. I learned the job pretty quickly and know how to work with it. I also know how to work with the versabeams.,I am responsible with paying attention the whole time we are in the IKS Highlander. I have experience with it for two years.
1/23/2018 19:30:45,,,,,Hacker,This job would be the best fit for me because I have experience with it. I had the job last year. I understand how to work it and know the responsibilities of the job.,Engineer,This would also be a good fit for me because I had this job two years ago and wouldn't have to relearn anything. I realize that it is a big job and  understand how it affects the ship.,no
1/23/2018 19:50:25,,,,,Security Guard,I have had experience being the security gyard. I also know what has to be done by being the guard. ,Security Chief,It’s a little bit like the security guard which I already have done before. ,
1/23/2018 20:45:24,,,,,Doctor,i will make sure every body on the ship is safe and healthy. i will do the different tasks to keep the people on the ship alive. ,Biologist,"i am able to do the tasks to mutate a new creature, and help with new organisms. i can find out what new species are through out are journey.",
1/23/2018 23:18:55,,,,,Doctor,I would be good as a doctor because i would like to experience what doctors do and how they complete there task . i would like to help the peopke who got hurt because we are all a team.,Communications,I would like to be the communication because i would like to see whats going on with the captain and the ship when someone calls i would be there to see what's going on it would be fun experience would all the jobs do to complete the mission. So i would like to work hard with my team mates and my classmates to complete this mission.,No
1/24/2018 0:14:21,,,,,Doctor,I think I would be good for this position because I am good at monitoring and I can keep everyone healthy. I have also done this before and I was pretty good at it.,Physicist,"This would be a good second choice for me because it is kind of like doctor, and I can monitor well.","I would not like to be captain, pilot, first or second officer, communications, gunner, or anything like that."
1/24/2018 7:11:57,,,,,Tactical (formerly Gunner),I think Tactical will suit me best since I have past experience with position from last year,Pilot,I love piloting games like pilot simulator that gives of how piloting really works and so I also have experience piloting,No thank you I really don’t understand the position too well
1/24/2018 9:59:40,,,,,Communications,I feel like I would do good at my job because I am good with communication with others,Doctor,I feel like I would do good at my job,No